duration,p
0.5,0.6340831398779081
1.5,0.11127615354282851
2.5,0.0586651723902789
3.5,0.03789947433491359
4.5,0.027359489099787422
5.5,0.02146243406950164
6.5,0.01761111457008423
7.5,0.014183766347354033
8.5,0.011675516696463249
9.5,0.009697972349957158
10.5,0.007717463169348359
11.5,0.006635298721860018
12.5,0.005725094652328729
13.5,0.004553985181759155
14.5,0.003987701868141968
15.5,0.0036259921076116186
16.5,0.0033265438632381324
17.5,0.002923326425269874
18.5,0.002552722162431401
19.5,0.002279957424982285
20.5,0.0019330718349654745
21.5,0.0014794522172511836
22.5,0.001188898475185821
23.5,0.0010673402769748018
24.5,0.0008716612261960881
25.5,0.0006908063459309134
26.5,0.0006730173413146668
27.5,0.0005336701384874009
28.5,0.00042693611078992074
29.5,0.00043879544720075187
30.5,0.00039432293566013516
31.5,0.0003468855900168106
32.5,0.00032316691719514834
33.5,0.00027276473744911603
34.5,0.00020160871898412924
35.5,0.000177890046162467
36.5,0.0001749252120597592
37.5,0.00018381971436788255
38.5,0.00016010104154622027
39.5,9.487469128664906e-05
40.5,0.00013341753462185022
41.5,8.598018897852571e-05
42.5,0.00011562853000560353
43.5,6.819118436227901e-05
44.5,7.412085256769457e-05
45.5,6.522635025957123e-05
46.5,5.929668205415566e-05
47.5,3.854284333520118e-05
48.5,2.964834102707783e-05
49.5,2.3718672821662265e-05
50.5,5.6331847951447875e-05
51.5,2.964834102707783e-05
52.5,4.743734564332453e-05
53.5,3.854284333520118e-05
54.5,2.6683506924370046e-05
55.5,2.6683506924370046e-05
56.5,8.894502308123349e-06
57.5,5.929668205415566e-06
58.5,1.4824170513538916e-05
59.5,1.7789004616246698e-05
60.5,1.7789004616246698e-05
61.5,8.894502308123349e-06
62.5,1.7789004616246698e-05
63.5,1.4824170513538916e-05
64.5,2.964834102707783e-06
65.5,1.1859336410831132e-05
66.5,2.964834102707783e-06
68.5,5.929668205415566e-06
69.5,8.894502308123349e-06
70.5,2.964834102707783e-06
71.5,2.964834102707783e-06
72.5,2.964834102707783e-06
73.5,8.894502308123349e-06
74.5,2.964834102707783e-06
76.5,2.964834102707783e-06
78.5,8.894502308123349e-06
80.5,2.964834102707783e-06
81.5,2.964834102707783e-06
87.5,5.929668205415566e-06
89.5,2.964834102707783e-06
92.5,2.964834102707783e-06
97.5,2.964834102707783e-06
99.5,2.964834102707783e-06
105.5,2.964834102707783e-06
112.5,2.964834102707783e-06
135.5,2.964834102707783e-06
